{"noiseKey":{"private":{"type":"Buffer","data":"WL0wnqdsikrLx9t8V+jfhiolGZNNcNEycLGTZcJKV28="},"public":{"type":"Buffer","data":"Mhq3YK2uuOSkBNiNg1zJJHdT1IDPjNdCdgKrORvSyiY="}},"pairingEphemeralKeyPair":{"private":{"type":"Buffer","data":"oCZqkqJf6Z/e9/WGSqLKF8S8PGi5o3mL+YWVeykKenI="},"public":{"type":"Buffer","data":"yuBxgltMF8uAvwKL0quGf//uMX4SAPsmGYaeGlobzg0="}},"signedIdentityKey":{"private":{"type":"Buffer","data":"wMWiMNW0kR/aG5bwlN0dc4FYYjCYf1lRC94qnpZZVlU="},"public":{"type":"Buffer","data":"upsl/QMX4TqcFXAIAIMZ75gx38l9B0aVfA4RSVuMPEc="}},"signedPreKey":{"keyPair":{"private":{"type":"Buffer","data":"gDqltlXE0WVS65iuQ1uI6egsNqJ3d7LgNjvbn5T8+Hs="},"public":{"type":"Buffer","data":"m4QgPzp3Pakyeub6l5Z3qWlzTX3Wgsle5BsFLQHKxwM="}},"signature":{"type":"Buffer","data":"N9nvPNeLjEfQ5YSEtsW83In95iZwPuQ0CMeCmoENwnhaCA19/dZ0fPmbZ5wvPGSVrJJ06QkdXHeBjEYItDDBig=="},"keyId":1},"registrationId":63,"advSecretKey":"G9OLCgvAkkfp07ZUrqpuAAfW60J+wawTKbKqB1k8So4=","processedHistoryMessages":[{"key":{"remoteJid":"923276232206@s.whatsapp.net","fromMe":true,"id":"C661E22498C61CB51B92093EBCF2A4E3"},"messageTimestamp":1756599653}],"nextPreKeyId":31,"firstUnuploadedPreKeyId":31,"accountSyncCounter":1,"accountSettings":{"unarchiveChats":false},"deviceId":"ySiMktH7TXaFRFpsjXRNnQ","phoneId":"6c27e709-3e41-4799-9ec8-6b2a345b8864","identityId":{"type":"Buffer","data":"zj1B6fQk6SVC7YQ+SoyYE70BSwE="},"registered":true,"backupToken":{"type":"Buffer","data":"SpfZh1ed4KVYIfIi4FG+X32cy9k="},"registration":{},"pairingCode":"DRAY1922","me":{"id":"923276232206:24@s.whatsapp.net","name":"Isis Giselle","lid":"196345067479107:24@lid"},"account":{"details":"CKS30P4GEN2qzsUGGAIgACgA","accountSignatureKey":"YRXDKPaSx+rgsE7AQ8d68x+szJVXGvIX+/neO6Fg8Bk=","accountSignature":"rcnLk/yXj5sm0v/ozU3IHglPO8eOt3G5x02EjQVz3Shjb4abxkiXRv0hnxGJE7IeNfKNzmwNjy7S8k/PVpZ1BQ==","deviceSignature":"y/wf0+mL0BhHZBvlFMB6WhjMH3QIUT6cNWOwajCvZcXrSxhmiUVz67FRryx8hMl0SxcnlxaWA4AgowxGaEv9iQ=="},"signalIdentities":[{"identifier":{"name":"923276232206:24@s.whatsapp.net","deviceId":0},"identifierKey":{"type":"Buffer","data":"BWEVwyj2ksfq4LBOwEPHevMfrMyVVxryF/v53juhYPAZ"}}],"platform":"smba","routingInfo":{"type":"Buffer","data":"CA0IBQ=="},"lastAccountSyncTimestamp":1756599650,"myAppStateKeyId":"AAAAADyN"}